{
  "data-discovery/README.md": 1776837161.1985807,
  "data-discovery/diagrams/system-architecture.md": 1776837399.3441255,
  "data-discovery/diagrams/contract-audit-flow.md": 1776837548.4369853,
  "data-discovery/diagrams/data-model.md": 1776837678.1721983,
  "data-discovery/diagrams/data-flow-map.md": 1776837606.495627,
  "data-discovery/diagrams/discovery-pipeline.md": 1776837470.1057057,
  "data-discovery/docs/AGENTIC_AI_DESIGN.md": 1776837652.758607,
  "data-discovery/docs/PRD.md": 1776837367.1754277,
  "data-discovery/docs/DATA_MODEL.md": 1776837463.9136477,
  "data-discovery/docs/SYSTEM_DESIGN.md": 1776837604.5147293,
  "data-discovery/docs/API_SPEC.md": 1776837708.3115458
}