{
  "consent-vault/README.md": 1776807430.1752732,
  "consent-vault/diagrams/system-architecture.md": 1776808228.7380333,
  "consent-vault/diagrams/erasure-workflow.md": 1776808461.0781326,
  "consent-vault/diagrams/language-flow.md": 1776808417.569481,
  "consent-vault/diagrams/consent-flow.md": 1776808261.7421281,
  "consent-vault/diagrams/deployment.md": 1776808375.2966652,
  "consent-vault/diagrams/data-model.md": 1776808295.5951793,
  "consent-vault/diagrams/api-sequence.md": 1776808339.5987508,
  "consent-vault/docs/PRD.md": 1776807520.4043722,
  "consent-vault/docs/DATA_MODEL.md": 1776807834.923031,
  "consent-vault/docs/SECURITY_DESIGN.md": 1776808117.7989128,
  "consent-vault/docs/SYSTEM_DESIGN.md": 1776807738.7579598,
  "consent-vault/docs/API_SPEC.md": 1776807908.8230278,
  "consent-vault/docs/DEV_GUIDE.md": 1776808199.5561883,
  "consent-vault/docs/INDIC_LANGUAGE_SPEC.md": 1776807627.4364748
}