{
  "GEMINI.md": 1776676188.122848,
  "AGENTS.md": 1776676171.8722925,
  "CLAUDE.md": 1776796575.2548342,
  "docs/PLAN.md": 1776797582.5309038,
  "graphify-out/graph.html": 1776803025.4414675,
  "graphify-out/GRAPH_REPORT.md": 1776803011.205838
}